name,split0,split1,split2,split3,split4,split5,split6,split7,split8,split9
accuracy,0.987740806,0.991243433,0.985989492,0.989492119,0.985964912,0.99122807,0.992982456,0.989473684,0.99122807,0.992982456
precision,0.987381703,0.990536278,0.98427673,0.990506329,0.993569132,0.987421384,0.990536278,0.99047619,0.990506329,0.993650794
recall,0.990506329,0.993670886,0.990506329,0.990506329,0.980952381,0.996825397,0.996825397,0.99047619,0.993650794,0.993650794
f1,0.988941548,0.992101106,0.987381703,0.990506329,0.987220447,0.992101106,0.993670886,0.99047619,0.99207607,0.993650794
auc,0.988930256,0.99090345,0.985349963,0.989352197,0.986542172,0.990538438,0.994080299,0.989337068,0.990943044,0.992891379
