name,split0,split1,split2,split3,split4,split5,split6,split7,split8,split9
"accuracy										",0.980735552,0.99474606,0.991243433,0.987740806,0.99122807,0.985964912,0.989473684,0.985964912,0.996491228,0.99122807
"precision										",0.981072555,0.996825397,0.990536278,0.996784566,0.990506329,0.981191223,0.984326019,0.993569132,0.993690852,0.987421384
"recall										",0.984177215,0.993670886,0.993670886,0.981012658,0.993650794,0.993650794,0.996825397,0.980952381,1,0.996825397
"f1										",0.982622433,0.995245642,0.992101106,0.988835726,0.99207607,0.987381703,0.990536278,0.987220447,0.996835443,0.992101106
"auc										",0.991523951,0.998275006,0.993881857,0.986994291,0.991795829,0.993812636,0.995393713,0.997111734,0.996227824,0.999844382
