name,split0,split1,split2,split3,split4,split5,split6,split7,split8,split9
"accuracy										",0.69352014,0.647985989,0.945709282,0.674255692,0.657894737,0.694736842,0.666666667,0.675438596,0.671929825,0.685964912
"precision										",0.652928416,0.61954262,0.958199357,0.634854772,0.625523013,0.650963597,0.631027254,0.639484979,0.636170213,0.642857143
"recall										",0.952531646,0.943037975,0.943037975,0.96835443,0.949206349,0.965079365,0.955555556,0.946031746,0.949206349,0.971428571
"f1										",0.774774775,0.747804266,0.950558214,0.766917293,0.754098361,0.777493606,0.76010101,0.7631242,0.761783439,0.773704172
"auc										",0.942845619,0.944204517,0.966703897,0.947009183,0.933955805,0.947108621,0.938213508,0.932648615,0.942521008,0.950731404
