name,split0,split1,split2,split3,split4,split5,split6,split7,split8,split9
"accuracy										",0.992994746,0.99474606,0.992994746,0.991243433,0.987719298,0.998245614,0.996491228,0.99122807,0.994736842,0.994736842
"precision										",0.996815287,0.996825397,0.993670886,0.993650794,0.993589744,0.996835443,0.993690852,0.993630573,0.996815287,0.993670886
"recall										",0.990506329,0.993670886,0.993670886,0.990506329,0.984126984,1,1,0.99047619,0.993650794,0.996825397
"f1										",0.993650794,0.995245642,0.993670886,0.99207607,0.988835726,0.998415214,0.996835443,0.992050874,0.995230525,0.995245642
"auc										",0.999751799,0.99986349,0.9998759,0.999782825,0.999315282,0.999937753,0.99978836,0.997983193,0.999887955,0.99793962
