name,split0,split1,split2,split3,split4,split5,split6,split7,split8,split9
"accuracy										",0.987740806,0.987740806,0.991243433,0.991243433,0.984210526,0.989473684,0.994736842,0.985964912,0.994736842,0.996491228
"precision										",0.987381703,0.984326019,0.990536278,0.990536278,0.993548387,0.987381703,0.990566038,0.984227129,0.990566038,0.993690852
"recall										",0.990506329,0.993670886,0.993670886,0.993670886,0.977777778,0.993650794,1,0.99047619,1,1
"f1										",0.988941548,0.988976378,0.992101106,0.992101106,0.9856,0.990506329,0.995260664,0.987341772,0.995260664,0.996835443
"auc										",0.987410027,0.987031521,0.99095309,0.99095309,0.98496732,0.98898226,0.994117647,0.985434174,0.994117647,0.996078431
